{"saveIndex":"24-06-26-22.53.01","saveName":"新建存档","saveTime":"2024-06-26 22:59:57Z","levelName":"MainScene","isNullSlot":false,"currency":10000,"inventory":[],"equipment":[],"dropItems":[],"lastCheckPointID":null,"boolDictionary":{"24e3a9e8-0dee-4ebd-bc15-a6621cb31793isOpen":false,"HighstPlaceused":false,"wayPoint1used":false,"33b9b55f-b881-402e-858a-1cee0064da6cisOpen":false,"c216f098-86ed-4573-bdd7-befe5864b871":true,"76ad328a-574c-4f6c-8d94-ee8bde85a660":true,"a3c61e22-1567-4e80-8dfe-2e4169bf9ca3":true,"36e43d61-d728-4447-9a55-bafe76222cf6":true,"0fd1c086-1e0f-4817-9bbe-9876a5a6aede":true,"5869a62b-9a2f-4870-af30-e541274f81a4":true,"isFirstVisited_Shop":true,"BossRoomColliderisTriggered":false,"bf840ff3-0934-4d1f-a95a-49fc045fada7":false,"cb7be615-06a0-4ef0-908f-19f522fac765":false,"8d99ffc3-7a56-4dca-bed9-38fe59c5f9b4":false,"32b1f0c1-aa29-42fa-a6e0-8b6a72838e38":false,"showPlayerHealthBar":false,"投掷武器":false,"旋转武器":false,"穿透！":false,"弹射！":false,"时间停止":false,"弱点时停":false,"分身":false,"还是分身":false,"水晶分身":false,"多级分身":false,"黑洞":false,"水晶技能":false,"分身水晶":false,"爆炸水晶":false,"控制水晶":false,"多重水晶":false,"闪避":false,"分身闪避":false,"格挡":false,"吸血格挡":false,"分身格挡":false,"冲刺":false,"始发克隆":false,"末位克隆":false},"floatDictionary":{"陆仁贾":0.0,"sfx":1.0,"bgm":1.0},"vectorDictionary":{"669e2765-3b28-480d-b616-3f07896bbfb2":{"x":39.14,"y":2.06,"z":0.0},"c5168dae-233b-416c-9b24-bf46c1010169":{"x":5.59,"y":-0.78,"z":0.0},"5194bdf3-8a25-4183-aa00-da2ae5ba96c4":{"x":2.44999981,"y":-0.78,"z":0.0},"4976cebf-5b48-464c-8bf5-4b174fd694b4":{"x":-20.94,"y":0.269999981,"z":0.0},"6008a939-e69f-4d6a-a8b7-801428ec27ed":{"x":10.52,"y":-0.75248456,"z":0.0},"68dbfe05-1383-4048-a920-22cfc4b0c0a1":{"x":-17.14,"y":0.230000019,"z":0.0},"4ad285eb-5dac-43bd-98f7-11ff52fd64d3":{"x":18.4,"y":-0.78,"z":0.0},"Player":{"x":-60.0538673,"y":1.39777362,"z":0.0},"3ae47124-a9db-42e1-b88d-c19abf6ce5da":{"x":87.74,"y":4.67,"z":0.0}},"taskDataList":[]}